run,type,wall_ms,sandbox_id,status
13,agent-init,5227,3a1bb2089acf73bae7a8515991711ea3b193c23f81289e63ccba0298fba98b30,Running
14,systemd,9541,7a299b23e8f8934a846cf394e7851b57591232bedcfa705716ec3790e290e009,Running
15,agent-init,4390,c699f7c0933834bc53e2fdf021252667ad407e92f870ac7771f8ff5b79a12005,Running
16,systemd,8696,dd2d1dee76ef8a56a23704947c05bf0d318af1db5a6d1a8227b492e54e04b080,Running
17,agent-init,4964,1a7dbdce3f1ea691c7a4e39a3b492a046b1f9ca34775716e5714f8b6e78af308,Running
18,systemd,8040,5600921773cbb0eb36d7d02a4fe03db1552dc87cb45ee2312c9734e9c15c9ec8,Running
19,agent-init,5206,00a6ece1ac020401c51819ba17dbc55c9fb06364911b16f835a9e225074947ec,Running
20,systemd,8084,88206e8626634aee1e4f30ba377d5826997beb50b6bf38a4e98030ad1608a3de,Running
21,agent-init,4968,6c6b4892383ddbbd196083b19160a8e0a039068c053922203f7f67c1257bcd48,Running
22,systemd,8034,48d208d62a89d0c32b0dcdbfca4bd0dc227372da081b4b87ad4a249d4a636cd0,Running
